code,cli_name,phone_number,email,cli_age,sex,reg_time
0,tdakni,18418601546,uf0ZVj@qq.com,21,1,2020-07-05 12:43:01
1,nnxvtkt,15649135503,qdqSbwH4@126.com,10,1,2020-07-01 19:51:15
2,kumdicpy,13331973712,W5OgTOHT@163.com,9,1,2021-05-09 06:06:07
3,tcqdyjpx,14915981765,GvTUoJFhOh@126.com,32,1,2020-05-10 06:47:14
4,zcnmvjaj,15960337571,bAMFJ7hpW@qq.com,19,1,2020-03-27 03:18:03
5,gwlxrxzskr,14752163414,0ygWSTV@qq.com,30,0,2021-02-02 01:33:03
6,dughzhp,14595498408,MRfTniM@163.com,8,0,2020-10-08 14:15:45
7,hkfaauzigc,13152604472,EUOXhem@qq.com,31,0,2021-01-16 16:24:05
8,kjqiygk,15084075411,TJgTnCEG@163.com,42,0,2020-04-05 10:48:53
9,zcyczmin,14764197084,RxqclA7K@126.com,15,1,2020-03-25 10:26:04
10,gjagzgoue,17280403779,pFdJWLsqqm@163.com,34,0,2020-01-30 02:51:19
11,ceawuxe,17862356303,i37hMo8@qq.com,24,0,2020-06-07 10:11:27
12,pmfcrfegwi,15584986995,uguGWhs@qq.com,61,0,2020-08-03 18:25:15
13,sptalrq,14510749332,qWmBAyr@126.com,18,0,2020-04-14 11:26:19
14,gqcihen,18974622554,WUGuq5pOy@126.com,65,0,2021-02-27 23:46:25
15,owymwkrzlx,13966791934,8j4mLtv@qq.com,63,0,2021-04-16 05:02:51
16,eiwcuiewa,14755912755,gKR1Aqm@189.com,35,0,2020-01-04 10:14:45
17,zmhjgzvi,18659237213,0R2hWe@qq.com,31,1,2020-09-04 03:38:16
18,nbcswazec,13152097649,5MWSwVRAWE@qq.com,67,1,2020-10-15 18:15:45
19,kmkrnq,14563946972,l1sMBdpr@163.com,19,1,2020-06-23 02:03:25
20,jrcqcd,13042474234,B9NVzYWWP@163.com,34,1,2021-03-26 03:06:30
21,ptvjhmrpna,13068556496,pXv1HnO@126.com,10,1,2020-04-03 20:39:23
22,cnzwqkqhvx,13176193228,04Ip6Y6D@163.com,62,0,2021-06-09 12:16:06
23,mcrekqwd,14567422347,xmbGMSzkY@189.com,38,0,2020-10-06 07:08:33
24,rfumho,13483999064,YGHLg9r1b@189.com,42,0,2021-05-03 21:59:21
25,kvzfobjngp,14962789758,08Z46jK@189.com,44,0,2021-03-14 02:41:45
26,agdlrlgp,13889505073,0GPvyUK@189.com,10,0,2021-03-05 11:25:00
27,cqtbia,18821548155,lzAL3ONV@126.com,14,1,2020-09-05 14:46:47
28,rlpawcttkh,14525865005,FPC3rE@163.com,24,0,2021-03-15 00:51:33
29,rockvtxbf,18379029524,LFd1eP0Win@163.com,57,0,2020-01-16 02:19:11
30,goliydtupk,18499353739,kJZjmJso@126.com,17,0,2020-01-08 01:57:26
31,wqydiiv,13291596475,1EPPEMHEi6@189.com,34,1,2021-02-10 08:48:38
32,aqvitsosho,14930429595,AGzfw5N0h@qq.com,22,1,2020-06-02 03:39:36
33,ptvpok,15686089992,yNUkKXJt@163.com,13,0,2021-05-04 09:32:04
34,bwiolz,14967668211,r79xiqFC3W@163.com,33,1,2020-05-12 23:16:12
35,ctinznpnbg,15398360155,At75K97D@126.com,55,1,2020-07-26 16:26:08
36,jlmcip,14770472534,d9uiGy@189.com,8,1,2021-02-17 00:12:49
37,vqsqjuwy,14976266520,yAyUnTDc@126.com,59,1,2021-04-06 19:08:38
38,uocevgwkv,18760777152,J2YoSqwnRX@qq.com,58,1,2021-05-16 23:36:16
39,hziwei,18116605709,ShC4Ot@126.com,47,0,2020-10-07 05:30:17
40,mjwmzzv,15897903652,JtyIyE12@189.com,39,0,2020-05-17 22:59:31
41,oarbvrmncw,17216239474,wirtDV63m@163.com,23,0,2020-03-07 16:27:20
42,atzngqgxc,14572646069,YcvRqipU6@189.com,23,1,2020-02-26 22:01:22
43,hpceytd,13268010696,7ozm6ocDw@126.com,68,1,2020-08-26 05:05:00
44,ryhwybue,15727580308,6UTgkYFy@163.com,19,0,2020-07-22 02:21:35
45,wgjbajvgpk,17291260796,8STc2sjbw@163.com,68,1,2020-07-08 21:48:06
46,pftosk,17181206090,Jx0DHw@189.com,13,0,2020-04-30 12:33:07
47,grcxssidtz,18490875696,upyhGS@189.com,11,0,2021-03-22 17:04:43
48,pmapidlnzr,13348951166,MvHLGPZ9h@163.com,19,0,2021-06-05 09:25:30
49,fqtfumkox,18615903043,RCh0iHW@qq.com,19,0,2021-01-14 17:16:47
50,elmikk,17110405069,xVweZP@qq.com,66,0,2020-03-09 03:57:47
51,xahnxf,18395670827,spgt67t@163.com,30,1,2021-05-25 15:16:25
52,yilrsi,14933108853,qUjpgx@163.com,66,1,2020-04-11 07:43:31
53,klhpom,17633529489,k8LSVdJeiB@189.com,28,0,2021-03-21 01:36:45
54,zqwznhs,13612068513,qD8WyOnzrC@126.com,56,1,2021-02-17 03:59:48
55,yvrotrbec,14745645812,qJZVe5Yh@163.com,35,1,2021-02-04 16:34:26
56,xemriasqx,17090813939,nn42tCL1@qq.com,60,1,2021-06-22 02:32:23
57,gnwbqmng,15366906265,WBp5Woi@189.com,60,1,2020-11-02 17:22:37
58,ekhobyb,17873615563,91sgvANRy@qq.com,45,1,2020-11-25 20:45:19
59,fvjzhoqz,18956474689,ZyULq7E@189.com,27,1,2020-06-18 05:51:34
60,mslcbvbbme,14590068551,9yEvqR@163.com,60,0,2021-02-01 03:13:28
61,hcpwipunqc,17797494312,PxNW7sC0V@126.com,40,0,2020-12-13 14:06:43
62,xqvrxydrq,17568153455,GFfPV8dOT@qq.com,41,0,2020-11-17 11:50:39
63,potltidc,13287607219,tvpSdWKFSO@qq.com,54,1,2021-02-14 23:55:39
64,vklsniwmk,13632916638,q2osJbP@qq.com,32,1,2020-02-12 22:33:34
65,ulveab,15842703391,NNDr2jhA@qq.com,33,0,2020-07-12 07:34:36
66,blszmtj,14931942241,iH25tS@163.com,10,0,2020-09-12 16:20:20
67,ejpswtjb,15580294808,6N0W7F6@189.com,54,1,2020-07-05 16:10:38
68,duxhjbockx,13667048262,kpD7bho1@126.com,26,0,2020-04-30 04:20:42
69,otxxfwm,15515310828,0MyKoG@189.com,12,0,2020-12-10 20:05:52
70,llnmdy,18569685538,B7bnYBNnp@126.com,33,1,2021-06-06 10:12:25
71,gqggjsox,15964772972,SVxGW2JB@189.com,48,0,2020-09-30 00:57:48
72,wvqjbpyrl,13292490905,mYhA3M@qq.com,39,1,2020-03-22 05:42:37
73,ucqgukvei,15662052788,2xWWPcLB@189.com,44,0,2020-03-17 10:22:02
74,nkbaeulkxg,13075846865,Vo1vESNfqc@126.com,12,1,2021-01-24 13:59:14
75,qkzbrcr,18959220377,rm3GUZG@qq.com,55,0,2020-06-14 16:01:15
76,vgfcehdwh,15868149335,TIsdjoR@126.com,46,0,2021-05-20 19:58:15
77,oijxfwmg,15896662600,NFne3t@189.com,23,0,2021-03-15 02:01:26
78,mflevahzk,15825830044,DBdZNqlY@163.com,30,0,2021-04-25 20:02:31
79,kuereq,13980517074,YwMdedEGW@126.com,11,0,2021-02-14 23:44:29
80,jvutbwdda,13969959334,7vTHvYo@126.com,43,1,2021-01-14 05:44:04
81,irmvspxvy,18797993689,bzcRAkhVFM@189.com,32,1,2020-09-21 10:25:03
82,qcdmeihul,18720986186,AxHBi59@126.com,44,1,2020-09-11 22:30:51
83,xpzwxfj,18015907110,DMNh91eDO3@189.com,63,0,2020-11-24 15:00:56
84,uwuyyanj,14742712186,C7xLZ81wO@qq.com,58,1,2020-12-16 15:48:57
85,tcircbzz,14731632593,DOsWSDBy6@126.com,55,0,2020-07-03 23:47:47
86,oaxbqcxyn,18311514779,1lIgYztk@qq.com,31,0,2020-01-18 18:34:01
87,ybhopdz,13991367617,YWeFfe2U@qq.com,49,0,2020-10-10 15:21:27
88,vsumosls,15578038457,gVIqL5g@126.com,30,0,2020-04-06 08:00:53
89,vyyazhka,14596548462,ttrGFVUYKd@189.com,32,0,2021-05-19 14:48:21
90,ehbpbtymao,18580999568,6cAywS@qq.com,16,1,2020-05-21 08:26:44
91,asbejtve,14723584972,qAbAkW@163.com,18,1,2021-03-24 04:25:24
92,rhfmumm,17548122842,B3v7WjpqIY@163.com,39,0,2020-05-05 21:59:12
93,lajonbmjg,14988274295,rYnEKwB@qq.com,25,0,2020-12-26 03:52:36
94,nznskyhvz,13531789955,LSfYRiRUu@189.com,22,0,2020-03-09 12:27:18
95,qqicbkv,15263008814,tsDJgHFAL@qq.com,13,0,2021-05-07 23:11:22
96,cbvxic,18514604770,1nYWns@163.com,8,0,2021-01-26 07:16:24
97,zzwfok,18592293825,DtRXvw36j@189.com,66,1,2021-03-06 05:53:54
98,kbxugi,17891701068,8OsMgzcpuu@189.com,39,1,2020-04-11 23:45:58
99,ehhwgy,15870870987,2LYqvnb@126.com,15,1,2020-06-14 14:03:07
